D.peninsularis,D.aldrichi,17.6
D.robusta,D.peninsularis,17.6
L.clarofinis,D.subpulchrella,17.6
D.kepulauana,C.procnemis,17.6
D.siamana,D.quadrilineata,17.6
D.americana,D.lacicola,17.6
D.emarginata,D.subpulchrella,17.6
D.falleni,D.phalerata,17.6
Z.gabonicus,Z.indianus,17.6
D.innubila,D.rellima,17.6
D.subpulchrella,L.clarofinis,17.6
D.orena,S.latifasciaeformis,17.6
D.erecta,D.teissieri,17.6
D.austrosaltans,D.sturtevanti,17.6
D.lacicola,D.americana,17.6
D.bocqueti,D.orena,297
D.serrata,D.monieri,297
D.biarmipes,D.pseudoananassae,297
D.triauraria,D.serrata,297
D.mimetica,D.oshimai,297
D.repletoides,D.rufa,297
D.jambulina,D.fuyamai,297
H.duncani,S.latifasciaeformis,297
D.rufa,D.repletoides,297
D.quadrilineata,D.littoralis,297
D.orena,D.bocqueti,297
D.simulans,D.melanogaster,297
D.pseudoananassae,D.eugracilis,297
D.serrata,D.equinoxialis,412
D.simulans,D.melanogaster,412
D.sordidula,D.rellima,412
C.caudatula,D.pallidifrons,412
D.mimetica,D.subpulchrella,412
D.biarmipes,D.leonis,412
D.pallidifrons,C.caudatula,412
D.robusta,D.miranda,412
D.nasuta,D.kepulauana,412
D.virilis,H.histrioides,412
Z.kolodkinae,Z.tsacasi,412
D.formosana,D.nasuta,412
D.kanekoi,D.maculinotata,412
D.kohkoa,D.pseudoananassae,412
Z.gabonicus,Z.indianus,412
D.jambulina,D.elegans,412
D.paulistorum,D.parthenogenetica,412
D.ambigua,D.obscura,412
D.miranda,D.lowei,412
D.tristis,D.subsilvestris,412
D.parabipectinata,D.malerkotliana,412
D.repletoides,D.sordidula,412
Z.africanus,D.ercepeae,412
H.duncani,D.histrio,412
C.costata,C.fuscimana,412
D.quinaria,S.hsui,412
D.willistoni,D.tropicalis,412
D.nebulosa,D.neocordata,412
D.varians,D.tropicalis,412
D.pseudotakahashii,D.ficusphila,412
D.tripunctata,D.quinaria,412
D.cardini,D.virilis,412
D.rellima,D.sordidula,412
D.equinoxialis,D.arawakana,412
D.phalerata,S.hsui,412
D.bunnanda,D.birchii,412
Z.tuberculatus,D.ercepeae,412
D.kuntzei,D.acutilabella,412
D.ustulata,D.virilis,412
D.teissieri,D.mojavensis,412
D.athabasca,D.azteca,412
D.acutilabella,D.kuntzei,412
D.hamatofila,D.mercatorum,412
D.serrata,D.quadrilineata,accord2
D.histrio,D.kepulauana,accord2
D.neotestacea,S.latifasciaeformis,accord2
D.teissieri,D.erecta,accord2
L.clarofinis,D.triauraria,accord2
D.albomicans,D.kepulauana,accord2
D.siamana,D.quadrilineata,accord2
D.erecta,D.teissieri,accord2
D.bocqueti,D.merina,accord2
D.bunnanda,D.eugracilis,accord2
D.subpulchrella,D.equinoxialis,accord
L.clarofinis,D.triauraria,accord
D.serrata,D.quadrilineata,accord
D.innubila,D.equinoxialis,accord
D.bunnanda,D.birchii,accord
D.bocqueti,D.merina,accord
D.sechellia,D.mauritiana,accord
D.paulistorum,D.insularis,accord
D.rhopaloa,D.mimetica,accord
D.neotestacea,S.latifasciaeformis,accord
D.erecta,D.teissieri,accord
D.siamana,D.quadrilineata,accord
D.teissieri,D.erecta,accord
D.fuyamai,D.albomicans,accord
D.parthenogenetica,D.equinoxialis,accord
D.gunungcola,D.subpulchrella,accord
D.sordidula,D.equinoxialis,accord
D.simulans,D.melanogaster,accord
D.albomicans,D.kepulauana,accord
D.mimetica,D.rhopaloa,accord
D.willistoni,D.tropicalis,Bica
Z.gabonicus,Z.indianus,Bica
D.fuyamai,D.sturtevanti,Bica
D.vallismaia,D.sechellia,Bica
D.acutilabella,D.fuyamai,Bica
Z.ornatus,D.pruinosa,Bica
D.oshimai,D.obscura,Bica
D.maculinotata,D.americana,Bica
D.sechellia,D.vallismaia,Bica
D.rhopaloa,D.formosana,Bica
D.americana,D.borealis,Bica
D.simulans,D.mauritiana,Bica
D.erecta,D.mauritiana,Bica
D.quinaria,D.mauritiana,Bica
D.equinoxialis,D.tropicalis,Bica
D.sturtevanti,D.fuyamai,Bica
D.kohkoa,D.kepulauana,Bica
D.kohkoa,D.vallismaia,blood
D.sturtevanti,D.vallismaia,blood
D.pallidifrons,D.vallismaia,blood
D.jambulina,D.merina,blood
D.vallismaia,D.melanogaster,blood
D.rellima,S.graminum,blood
D.merina,D.jambulina,blood
S.graminum,D.rellima,blood
D.sechellia,D.mauritiana,blood
D.simulans,D.vallismaia,blood
D.robusta,D.americana,blood
D.melanogaster,D.vallismaia,blood
D.nasuta,D.kepulauana,blood
D.gaucha,D.paramelanica,Burdock
D.elegans,D.bunnanda,Burdock
D.tropicalis,D.insularis,Burdock
D.simulans,D.melanogaster,Burdock
D.pruinosa,Z.ghesquierei,Burdock
D.sordidula,D.hamatofila,Burdock
D.oshimai,D.malerkotliana,Burdock
D.innubila,D.quinaria,Burdock
D.pseudotakahashii,D.eugracilis,Burdock
D.jambulina,D.rufa,Burdock
D.athabasca,D.azteca,Burdock
D.mercatorum,D.sturtevanti,Burdock
D.vallismaia,D.sechellia,Burdock
D.sechellia,D.vallismaia,Burdock
D.quinaria,D.innubila,Burdock
D.hamatofila,D.sordidula,Burdock
D.ananassae,D.parabipectinata,Burdock
D.bunnanda,D.ficusphila,Burdock
D.maculinotata,D.colorata,Burdock
D.robusta,D.leonis,Burdock
Z.capensis,Z.taronus,Burdock
Z.kolodkinae,Z.indianus,Burdock
D.phalerata,D.kuntzei,Burdock
D.subpulchrella,D.eugracilis,Burdock
Z.inermis,D.orena,Burdock
Z.vittiger,Z.camerounensis,Burdock
D.rellima,D.azteca,Burdock
D.varians,D.parabipectinata,Burdock
D.falleni,D.phalerata,Burdock
D.antonietae,D.leonis,Burdock
Z.tuberculatus,Z.capensis,Burdock
D.suzukii,D.kikkawai,Burdock
D.borborema,D.buzzatii,Burdock
D.repleta,D.borborema,Burdock
D.kikkawai,D.santomea,Burdock
D.tripunctata,D.azteca,Burdock
D.monieri,D.kepulauana,Chimpo
D.tristis,D.littoralis,Chimpo
Z.inermis,Z.indianus,Chimpo
D.cardini,D.tripunctata,Chimpo
C.caudatula,D.mojavensis,Chimpo
D.fuyamai,D.mojavensis,Chimpo
D.gunungcola,D.histrio,Chimpo
D.quinaria,D.falleni,Chimpo
D.pseudotakahashii,D.mauritiana,Chimpo
Z.tsacasi,Z.lachaisei,Chimpo
D.borborema,D.stalkeri,Chimpo
D.orena,D.bocqueti,Chimpo
D.nasuta,D.pallidifrons,Chimpo
D.putrida,D.kepulauana,Chimpo
Z.kolodkinae,D.colorata,Chimpo
D.repletoides,D.acutilabella,Chimpo
D.testacea,S.pallida,Chimpo
D.sechellia,D.melanogaster,Chimpo
C.costata,C.fuscimana,Chimpo
D.ananassae,D.mojavensis,Chimpo
D.biarmipes,D.histrio,Chimpo
D.bipectinata,D.kepulauana,Chimpo
D.phalerata,D.macrospina,Chimpo
D.willistoni,D.tropicalis,Chimpo
D.falleni,D.quinaria,Chimpo
D.kuntzei,D.littoralis,Chimpo
D.albomicans,D.kepulauana,Chimpo
D.kohkoa,D.pallidifrons,Chimpo
L.clarofinis,C.costata,Chimpo
D.sechellia,D.melanogaster,chouto
Z.tuberculatus,Z.tsacasi,chouto
D.bocqueti,D.sechellia,chouto
Z.kolodkinae,D.pruinosa,chouto
D.jambulina,Z.capensis,chouto
Z.gabonicus,Z.indianus,chouto
D.ambigua,D.bifasciata,chouto
D.phalerata,D.ustulata,chouto
D.bunnanda,D.ananassae,chouto
Z.davidi,D.ambigua,chouto
D.obscura,D.bifasciata,chouto
D.oshimai,Z.indianus,chouto
D.bipectinata,D.pseudoananassae,chouto
D.saltans,D.anceps,chouto
D.ananassae,D.varians,chouto
D.pallidifrons,D.tropicalis,Circe
D.tripunctata,D.planitibia,Circe
D.nasuta,D.kohkoa,Circe
D.yakuba,D.teissieri,Circe
D.lowei,D.neotestacea,Circe
C.caudatula,D.neotestacea,Circe
D.rubida,D.putrida,Circe
D.neotestacea,C.caudatula,Circe
D.planitibia,D.tripunctata,Circe
D.santomea,D.simulans,Circe
D.littoralis,D.americana,Circe
D.putrida,D.rubida,Circe
D.affinis,D.azteca,Circe
D.willistoni,D.tropicalis,Circe
D.hawaiiensis,D.cyrtoloma,Circe
D.bocqueti,D.teissieri,Circe
D.simulans,D.melanogaster,Circe
D.sturtevanti,D.putrida,Circe
D.austrosaltans,D.tropicalis,Circe
Z.inermis,Z.davidi,Circe
D.parabipectinata,D.malerkotliana,Circe
D.rellima,D.bifasciata,Circe
D.tanythrix,D.aldrichi,Circe
S.graminum,D.littoralis,Circe
D.quinaria,D.quadrilineata,Circe
Z.tuberculatus,Z.tsacasi,Circe
Z.camerounensis,Z.vittiger,Circe
D.albomicans,D.kepulauana,Circe
Z.lachaisei,Z.davidi,Circe
D.jambulina,D.kikkawai,Circe
C.fuscimana,D.teissieri,Circe
D.silvestris,D.cyrtoloma,Circe
D.sechellia,D.mauritiana,Circe
C.costata,D.teissieri,Circe
D.novamexicana,D.virilis,Circe
L.clarofinis,D.teissieri,Circe
D.prosaltans,D.parthenogenetica,Circe
D.biarmipes,D.birchii,Circe
D.kanekoi,D.rufa,Circe
D.ananassae,D.pseudoananassae,gtwin
D.cardini,D.affinis,gtwin
D.melanogaster,D.erecta,gtwin
Z.ghesquierei,D.melanogaster,gtwin
D.yakuba,D.melanogaster,gtwin
D.sucinea,D.aldrichi,gtwin
D.fuyamai,D.serrata,gtwin
D.leonis,D.peninsularis,gtwin
D.putrida,D.kuntzei,gtwin
D.maculinotata,D.histrio,gtwin
D.stalkeri,L.clarofinis,gtwin
D.kohkoa,D.neocordata,gtwin
D.aldrichi,D.sucinea,gtwin
D.malerkotliana,D.atripex,gtwin
D.serrata,D.fuyamai,gtwin
L.clarofinis,D.tanythrix,gtwin
D.tanythrix,L.clarofinis,gtwin
S.hsui,D.merina,gtwin
D.erecta,D.melanogaster,gtwin
D.nebulosa,L.clarofinis,gtwin
D.hamatofila,D.prosaltans,gtwin
D.bocqueti,D.orena,gtwin
D.mojavensis,D.ananassae,gtwin
D.parabipectinata,D.pseudoananassae,gtwin
D.kuntzei,D.putrida,gtwin
D.jambulina,D.fuyamai,gtwin
D.atripex,D.malerkotliana,gtwin
D.quinaria,D.gunungcola,gtwin
D.gunungcola,D.quinaria,gtwin
D.rhopaloa,D.ananassae,gtwin
D.orena,D.bocqueti,gtwin
D.bunnanda,D.ananassae,gtwin
D.santomea,D.mauritiana,gtwin
D.funebris,D.aldrichi,gtwin
D.pruinosa,D.erecta,gypsy10
D.sechellia,D.mauritiana,gypsy10
D.sordidula,D.subpulchrella,gypsy10
S.flava,D.ezoana,gypsy10
D.ezoana,S.flava,gypsy10
Z.kolodkinae,D.pruinosa,gypsy10
D.erecta,D.pruinosa,gypsy10
D.orena,D.melanogaster,gypsy10
D.santomea,D.simulans,gypsy10
D.birchii,D.jambulina,gypsy12
D.rubida,D.kepulauana,gypsy12
D.putrida,C.caudatula,gypsy12
D.varians,Z.bogoriensis,gypsy12
D.ambigua,D.bifasciata,gypsy12
D.takahashii,D.persimilis,gypsy12
D.erecta,D.bocqueti,gypsy12
D.virilis,D.ezoana,gypsy12
D.americana,D.lacicola,gypsy12
D.rhopaloa,D.bocqueti,gypsy12
D.merina,S.latifasciaeformis,gypsy12
D.gaucha,D.arawakana,gypsy12
D.quadrilineata,S.latifasciaeformis,gypsy12
D.miranda,D.ambigua,gypsy12
Z.davidi,D.pruinosa,gypsy12
D.leonis,D.buzzatii,gypsy12
D.phalerata,D.quinaria,gypsy12
H.duncani,D.colorata,gypsy12
D.testacea,D.virilis,gypsy12
D.maculinotata,D.putrida,gypsy12
C.caudatula,D.putrida,gypsy12
D.athabasca,D.ambigua,gypsy12
D.persimilis,D.lowei,gypsy12
D.pseudotakahashii,H.duncani,gypsy12
D.sechellia,D.melanogaster,gypsy12
D.simulans,D.azteca,gypsy12
C.costata,C.fuscimana,gypsy12
D.ananassae,D.bipectinata,gypsy12
D.tanythrix,S.flava,gypsy12
D.colorata,H.duncani,gypsy12
D.repletoides,D.grimshawi,gypsy12
D.parabipectinata,D.pseudoananassae,gypsy12
D.azteca,D.simulans,gypsy12
D.mimetica,D.suzukii,gypsy12
D.cyrtoloma,D.grimshawi,gypsy12
D.novamexicana,D.virilis,gypsy12
D.jambulina,D.birchii,gypsy12
D.fuyamai,D.suzukii,gypsy12
Z.capensis,Z.taronus,gypsy12
Z.vittiger,D.atripex,gypsy12
D.siamana,D.formosana,gypsy12
D.mettleri,D.peninsularis,gypsy12
D.biarmipes,D.monieri,gypsy12
D.falleni,D.kuntzei,gypsy12
D.willistoni,D.tropicalis,gypsy12
D.quinaria,D.phalerata,gypsy12
D.bocqueti,D.erecta,gypsy12
D.affinis,D.lowei,gypsy12
D.antonietae,D.buzzatii,gypsy12
D.kikkawai,D.yakuba,gypsy12
D.sucinea,D.austrosaltans,gypsy12
D.insularis,D.subobscura,gypsy12
Z.gabonicus,Z.indianus,gypsy12
D.rellima,D.kuntzei,gypsy12
D.orena,Z.taronus,gypsy2
Z.gabonicus,Z.ghesquierei,gypsy2
L.clarofinis,D.colorata,gypsy2
Z.taronus,D.orena,gypsy2
D.pruinosa,D.ercepeae,gypsy2
Z.tuberculatus,Z.tsacasi,gypsy2
D.colorata,L.clarofinis,gypsy2
Z.africanus,Z.camerounensis,gypsy2
S.pallida,D.littoralis,gypsy4
D.suzukii,D.mimetica,gypsy4
D.stalkeri,D.leonis,gypsy4
D.mojavensis,D.buzzatii,gypsy4
D.nasuta,D.kohkoa,gypsy4
D.orena,Z.ornatus,gypsy4
D.rhopaloa,D.biarmipes,gypsy4
D.ananassae,D.pseudoananassae,gypsy4
Z.camerounensis,Z.indianus,gypsy4
Z.davidi,Z.gabonicus,gypsy4
D.acutilabella,D.rellima,gypsy4
D.repletoides,D.gunungcola,gypsy4
C.fuscimana,D.parthenogenetica,gypsy4
D.parabipectinata,D.malerkotliana,gypsy4
Z.gabonicus,Z.davidi,gypsy4
Z.inermis,D.simulans,gypsy4
D.bipectinata,D.pseudoananassae,gypsy4
D.albomicans,D.pallidifrons,gypsy4
D.paulistorum,D.tropicalis,gypsy4
D.borealis,D.novamexicana,gypsy4
D.willistoni,D.insularis,gypsy4
D.biarmipes,D.rhopaloa,gypsy4
D.neotestacea,D.phalerata,gypsy4
D.innubila,D.quinaria,gypsy4
D.kuntzei,D.acutilabella,gypsy4
D.aldrichi,D.hamatofila,gypsy4
D.erecta,D.teissieri,gypsy4
Z.indianus,Z.camerounensis,gypsy4
D.insularis,D.sucinea,gypsy4
D.rellima,D.acutilabella,gypsy4
D.borborema,D.buzzatii,gypsy4
D.phalerata,D.neotestacea,gypsy4
D.mimetica,D.suzukii,gypsy4
D.jambulina,D.kikkawai,gypsy4
D.fuyamai,D.oshimai,gypsy4
D.gunungcola,D.bifasciata,gypsy4
Z.tsacasi,Z.taronus,gypsy4
D.quinaria,D.innubila,gypsy4
L.clarofinis,C.costata,gypsy5
D.virilis,Z.tuberculatus,gypsy5
D.fuyamai,D.suzukii,gypsy5
D.albomicans,D.siamana,gypsy5
D.peninsularis,D.willistoni,gypsy5
D.pseudotakahashii,D.oshimai,gypsy5
D.kuntzei,S.graminum,gypsy5
D.biarmipes,D.kikkawai,gypsy5
Z.africanus,Z.tuberculatus,gypsy5
D.acutilabella,D.kohkoa,gypsy5
D.azteca,L.clarofinis,gypsy5
D.maculinotata,D.borealis,gypsy5
D.birchii,D.tropicalis,gypsy5
D.sordidula,D.littoralis,gypsy5
D.testacea,D.elegans,gypsy5
D.pallidifrons,D.testacea,gypsy5
D.sechellia,D.vallismaia,gypsy5
D.gaucha,D.littoralis,gypsy5
Z.gabonicus,Z.vittiger,gypsy5
D.willistoni,D.nebulosa,gypsy5
D.funebris,D.quadrilineata,gypsy5
D.borealis,D.maculinotata,gypsy5
D.tropicalis,D.birchii,gypsy5
D.jambulina,D.ficusphila,gypsy5
D.kohkoa,D.acutilabella,gypsy5
D.bocqueti,D.serrata,gypsy5
D.santomea,D.simulans,gypsy5
D.paulistorum,D.emarginata,gypsy5
D.innubila,D.rellima,gypsy5
D.teissieri,Z.tuberculatus,gypsy5
D.serrata,D.triauraria,gypsy5
D.vallismaia,D.sechellia,gypsy5
D.rhopaloa,D.pseudotakahashii,gypsy5
D.kikkawai,D.biarmipes,gypsy5
D.simulans,D.mauritiana,gypsy5
D.sucinea,D.repleta,gypsy5
D.kikkawai,D.atripex,gypsy6
Z.davidi,Z.taronus,gypsy6
D.bunnanda,D.eugracilis,gypsy6
D.elegans,D.mimetica,gypsy6
D.macrospina,H.duncani,gypsy6
D.teissieri,D.sechellia,gypsy6
D.virilis,D.acutilabella,gypsy6
D.repletoides,D.sordidula,gypsy6
D.buzzatii,D.paulistorum,gypsy6
D.gunungcola,D.oshimai,gypsy6
D.azteca,D.cardini,gypsy6
D.sechellia,D.ercepeae,gypsy6
D.bocqueti,D.merina,gypsy6
D.ezoana,D.ustulata,gypsy6
D.melanogaster,D.bocqueti,gypsy6
D.serrata,D.kikkawai,gypsy6
D.paulistorum,D.buzzatii,gypsy6
D.cardini,S.graminum,gypsy6
D.quinaria,D.colorata,gypsy6
H.duncani,D.macrospina,gypsy6
D.acutilabella,D.eohydei,gypsy6
D.borealis,D.acutilabella,gypsy6
D.tripunctata,D.innubila,gypsy6
D.sucinea,D.eohydei,gypsy6
D.biarmipes,D.pseudoananassae,gypsy6
D.innubila,D.tripunctata,gypsy6
D.pseudoananassae,D.biarmipes,gypsy6
Z.tuberculatus,D.sechellia,gypsy7
D.sechellia,Z.tuberculatus,gypsy7
D.hamatofila,S.flava,HMS-Beagle2
D.anceps,D.neocordata,HMS-Beagle2
D.rufa,D.atripex,HMS-Beagle2
Z.africanus,Z.ornatus,HMS-Beagle2
D.phalerata,D.borborema,HMS-Beagle2
D.buzzatii,D.borealis,HMS-Beagle2
Z.kolodkinae,Z.tsacasi,HMS-Beagle2
D.melanogaster,D.silvestris,HMS-Beagle2
D.lacicola,D.jambulina,HMS-Beagle2
D.pseudoananassae,D.anceps,HMS-Beagle2
D.falleni,D.putrida,HMS-Beagle2
Z.gabonicus,Z.indianus,HMS-Beagle2
D.maculinotata,D.monieri,HMS-Beagle2
D.kuntzei,D.atripex,HMS-Beagle2
D.triauraria,D.gunungcola,HMS-Beagle2
D.gunungcola,D.bunnanda,HMS-Beagle2
D.elegans,D.rhopaloa,HMS-Beagle2
D.nasuta,D.kohkoa,HMS-Beagle2
D.jambulina,S.polygonia,HMS-Beagle2
Z.inermis,Z.camerounensis,HMS-Beagle2
D.suzukii,D.biarmipes,HMS-Beagle2
D.subpulchrella,D.lowei,HMS-Beagle2
D.neocordata,D.anceps,HMS-Beagle2
D.borealis,D.ezoana,HMS-Beagle2
D.innubila,D.antonietae,HMS-Beagle2
D.bunnanda,D.gunungcola,HMS-Beagle2
D.elegans,D.fuyamai,HMS-Beagle
D.neotestacea,Z.bogoriensis,HMS-Beagle
Z.africanus,Z.ghesquierei,HMS-Beagle
D.malerkotliana,D.pseudoananassae,HMS-Beagle
D.santomea,D.melanogaster,HMS-Beagle
D.jambulina,S.pallida,HMS-Beagle
D.borealis,D.novamexicana,HMS-Beagle
D.simulans,D.melanogaster,HMS-Beagle
D.miranda,D.cardini,HMS-Beagle
D.differens,D.silvestris,HMS-Beagle
D.lowei,D.subpulchrella,HMS-Beagle
D.lacicola,S.pallida,HMS-Beagle
D.gunungcola,D.bunnanda,HMS-Beagle
D.rubida,D.pallidifrons,HMS-Beagle
D.maculinotata,D.merina,HMS-Beagle
D.varians,D.oshimai,HMS-Beagle
D.nasuta,D.kohkoa,HMS-Beagle
D.tripunctata,D.falleni,HMS-Beagle
D.paulistorum,D.insularis,HMS-Beagle
D.sturtevanti,D.mojavensis,HMS-Beagle
Z.capensis,Z.taronus,HMS-Beagle
D.buzzatii,D.stalkeri,HMS-Beagle
D.neocordata,D.anceps,HMS-Beagle
D.phalerata,D.kuntzei,HMS-Beagle
D.sordidula,H.histrioides,HMS-Beagle
D.suzukii,D.biarmipes,HMS-Beagle
C.caudatula,D.leonis,HMS-Beagle
D.bunnanda,D.gunungcola,HMS-Beagle
D.triauraria,D.bunnanda,HMS-Beagle
D.putrida,D.tripunctata,HMS-Beagle
D.parabipectinata,D.quadrilineata,HMS-Beagle
D.subpulchrella,D.lowei,HMS-Beagle
D.cardini,D.miranda,HMS-Beagle
D.ananassae,D.quadrilineata,HMS-Beagle
D.quadrilineata,D.parabipectinata,HMS-Beagle
D.melanogaster,D.santomea,HMS-Beagle
D.robusta,D.tripunctata,HMS-Beagle
Z.kolodkinae,Z.tsacasi,HMS-Beagle
Z.inermis,Z.camerounensis,HMS-Beagle
Z.gabonicus,Z.indianus,HMS-Beagle
D.falleni,D.tripunctata,HMS-Beagle
D.ustulata,D.immigrans,HMS-Beagle
D.hamatofila,S.flava,HMS-Beagle
D.rufa,D.pseudoananassae,HMS-Beagle
Z.vittiger,Z.inermis,HMS-Beagle
D.equinoxialis,D.willistoni,HMS-Beagle
D.mimetica,D.suzukii,Idefix
D.yakuba,D.orena,Idefix
D.orena,D.yakuba,Idefix
D.rhopaloa,D.mimetica,Idefix
D.prosaltans,D.parthenogenetica,Idefix
D.bocqueti,D.erecta,Idefix
C.caudatula,D.affinis,Idefix
D.obscura,D.subobscura,Idefix
D.oshimai,D.rufa,Idefix
D.macrospina,S.flava,Idefix
D.falleni,Z.davidi,Idefix
D.erecta,D.bocqueti,Idefix
D.rufa,D.oshimai,Idefix
D.parthenogenetica,D.prosaltans,Idefix
D.formosana,D.immigrans,Idefix
D.jambulina,D.kikkawai,Idefix
D.monieri,D.yakuba,Idefix
D.affinis,C.caudatula,Idefix
D.athabasca,D.azteca,Idefix
D.kohkoa,D.formosana,Idefix
D.mimetica,D.rhopaloa,invader1
D.ustulata,D.bunnanda,invader1
D.immigrans,D.emarginata,invader1
D.oshimai,D.immigrans,invader1
D.acutilabella,D.immigrans,invader1
D.quinaria,D.affinis,invader1
D.rhopaloa,D.mimetica,invader1
D.bunnanda,D.elegans,invader1
D.teissieri,D.bocqueti,invader1
D.yakuba,S.latifasciaeformis,invader1
D.vallismaia,D.sechellia,invader1
D.biarmipes,D.monieri,invader1
D.ananassae,D.birchii,invader1
D.bocqueti,D.teissieri,invader1
S.graminum,D.histrio,invader1
D.albomicans,D.bunnanda,invader1
D.affinis,D.putrida,invader1
D.triauraria,D.subpulchrella,invader1
D.putrida,D.affinis,invader1
Z.indianus,S.latifasciaeformis,invader1
D.virilis,D.immigrans,invader1
D.simulans,D.melanogaster,invader1
D.athabasca,D.azteca,invader1
Z.tuberculatus,Z.ghesquierei,invader1
D.birchii,D.ananassae,invader1
D.nasuta,D.kepulauana,invader1
D.parabipectinata,D.malerkotliana,invader1
D.quinaria,D.paramelanica,invader2
D.sturtevanti,D.tropicalis,invader2
D.fuyamai,D.rufa,invader2
Z.tsacasi,D.histrio,invader2
D.tripunctata,D.macrospina,invader2
Z.davidi,Z.taronus,invader2
D.putrida,D.macrospina,invader2
D.rubida,D.innubila,invader2
Z.vittiger,Z.lachaisei,invader2
H.duncani,D.testacea,invader2
D.paramelanica,D.quinaria,invader2
Z.tuberculatus,H.duncani,invader2
D.jambulina,D.serrata,invader2
Z.capensis,Z.ornatus,invader2
D.bipectinata,D.malerkotliana,invader2
D.vallismaia,D.sechellia,invader2
D.sechellia,D.vallismaia,invader2
D.bocqueti,D.vallismaia,invader2
D.testacea,H.duncani,invader2
Z.kolodkinae,Z.ornatus,invader2
D.innubila,D.macrospina,invader2
D.oshimai,D.malerkotliana,invader2
D.willistoni,D.tropicalis,invader2
D.kepulauana,D.quinaria,invader2
D.sucinea,L.clarofinis,invader3
D.subpulchrella,D.takahashii,invader3
D.azteca,D.persimilis,invader3
D.kanekoi,D.saltans,invader3
D.willistoni,D.nebulosa,invader3
D.fuyamai,D.takahashii,invader3
D.lacicola,D.americana,invader3
D.lowei,D.athabasca,invader3
D.persimilis,D.azteca,invader3
D.nasuta,D.kohkoa,invader3
Z.gabonicus,Z.indianus,invader3
D.birchii,Z.lachaisei,invader3
D.rellima,D.neotestacea,invader3
D.maculinotata,D.phalerata,invader3
D.americana,D.lacicola,invader3
D.novamexicana,D.virilis,invader3
D.phalerata,D.maculinotata,invader3
D.bocqueti,D.teissieri,invader3
D.nebulosa,D.austrosaltans,invader3
D.albomicans,D.kepulauana,invader3
D.americana,D.virilis,invader6
D.rufa,Z.davidi,invader6
D.biarmipes,Z.davidi,invader6
Z.davidi,D.biarmipes,invader6
D.formosana,D.immigrans,invader6
D.hamatofila,Z.kolodkinae,invader6
D.pallidifrons,D.aldrichi,invader6
D.mauritiana,D.merina,invader6
D.antonietae,D.cardini,invader6
Z.tsacasi,Z.capensis,invader6
D.cardini,D.antonietae,invader6
D.falleni,D.testacea,invader6
D.sechellia,D.mauritiana,invader6
D.borborema,D.repleta,invader6
D.borealis,D.novamexicana,invader6
D.willistoni,D.insularis,invader6
Z.vittiger,Z.camerounensis,invader6
D.triauraria,D.immigrans,invader6
Z.kolodkinae,D.hamatofila,invader6
D.atripex,D.serrata,invader6
Z.capensis,Z.ghesquierei,invader6
Z.gabonicus,Z.indianus,invader6
D.equinoxialis,D.insularis,invader6
L.clarofinis,D.pallidifrons,invader6
D.mojavensis,D.equinoxialis,invader6
D.phalerata,D.formosana,invader6
D.aldrichi,D.anceps,invader6
Z.africanus,Z.ornatus,invader6
D.kuntzei,D.immigrans,invader6
D.simulans,D.rufa,McClintock
Z.ornatus,Z.kolodkinae,mdg1
D.borealis,D.littoralis,mdg1
Z.kolodkinae,Z.tsacasi,mdg1
D.mauritiana,D.merina,mdg1
D.merina,D.melanogaster,mdg1
D.eugracilis,D.austrosaltans,mdg1
Z.gabonicus,Z.indianus,mdg1
D.lacicola,D.saltans,mdg1
Z.vittiger,Z.camerounensis,mdg1
Z.capensis,Z.davidi,mdg1
D.sechellia,D.merina,mdg1
D.melanogaster,D.merina,mdg1
H.histrioides,D.saltans,mdg1
C.costata,S.graminum,mdg3
D.sechellia,D.vallismaia,mdg3
D.melanogaster,D.teissieri,mdg3
S.graminum,D.pallidifrons,mdg3
C.fuscimana,D.sechellia,mdg3
Z.vittiger,Z.africanus,micropia
Z.davidi,Z.africanus,micropia
D.yakuba,D.eugracilis,micropia
D.prosaltans,D.pruinosa,micropia
D.colorata,L.clarofinis,micropia
D.bocqueti,Z.gabonicus,micropia
D.teissieri,Z.gabonicus,micropia
D.quadrilineata,D.serrata,micropia
D.serrata,D.quadrilineata,micropia
D.orena,D.biarmipes,micropia
L.clarofinis,D.colorata,micropia
Z.tuberculatus,D.sechellia,micropia
D.elegans,D.kuntzei,micropia
D.maculinotata,D.neotestacea,micropia
D.siamana,D.serrata,micropia
D.jambulina,D.kuntzei,micropia
D.rubida,D.eugracilis,micropia
Z.capensis,D.sechellia,micropia
D.falleni,D.littoralis,MLE
D.sturtevanti,D.tropicalis,MLE
D.funebris,D.quadrilineata,MLE
Z.africanus,D.ezoana,MLE
D.bipectinata,D.pseudoananassae,MLE
D.albomicans,D.pseudotakahashii,MLE
D.pseudotakahashii,D.albomicans,MLE
D.quinaria,C.fuscimana,MLE
D.kuntzei,D.pseudotakahashii,MLE
D.arawakana,D.tropicalis,MLE
D.birchii,D.kikkawai,MLE
D.formosana,D.quadrilineata,MLE
D.rufa,D.azteca,MLE
D.parabipectinata,D.malerkotliana,MLE
D.nasuta,D.gunungcola,MLE
D.tropicalis,D.sucinea,MLE
D.phalerata,D.gunungcola,MLE
D.paramelanica,S.hsui,MLE
Z.capensis,Z.inermis,opus
Z.gabonicus,Z.indianus,opus
Z.tsacasi,Z.vittiger,opus
D.biarmipes,D.rufa,opus
Z.camerounensis,Z.ghesquierei,opus
D.mauritiana,D.vallismaia,opus
D.nebulosa,D.sucinea,opus
D.quinaria,D.gaucha,opus
D.sturtevanti,D.tropicalis,opus
D.kikkawai,D.suzukii,opus
D.phalerata,S.pallida,opus
D.rufa,D.biarmipes,opus
D.teissieri,D.orena,opus
D.sechellia,D.melanogaster,opus
Z.inermis,Z.gabonicus,opus
D.gaucha,D.quinaria,opus
D.cardini,D.buzzatii,opus
Z.vittiger,Z.tsacasi,opus
D.innubila,D.suzukii,opus
Z.lachaisei,L.clarofinis,opus
D.parthenogenetica,D.acutilabella,opus
S.pallida,D.phalerata,opus
D.triauraria,L.clarofinis,opus
D.yakuba,D.tropicalis,opus
L.clarofinis,D.triauraria,opus
D.kuntzei,D.hamatofila,opus
D.rellima,D.phalerata,opus
D.quadrilineata,D.ananassae,opus
D.vallismaia,D.mauritiana,opus
D.rubida,D.littoralis,Quasimodo
H.duncani,S.pallida,Quasimodo
Z.camerounensis,Z.davidi,Quasimodo
S.pallida,H.duncani,Quasimodo
D.quinaria,D.putrida,Quasimodo
D.kuntzei,D.tripunctata,Quasimodo
D.borborema,D.buzzatii,Quasimodo
D.hawaiiensis,D.cyrtoloma,Quasimodo
D.nebulosa,D.mettleri,Quasimodo
D.tripunctata,D.kuntzei,Quasimodo
D.quadrilineata,S.latifasciaeformis,Quasimodo
Z.davidi,Z.taronus,Quasimodo
Z.africanus,Z.ornatus,Quasimodo
D.testacea,D.phalerata,Quasimodo
D.putrida,D.quinaria,Quasimodo
D.borealis,D.austrosaltans,Quasimodo
Z.vittiger,Z.lachaisei,Quasimodo
Z.gabonicus,Z.indianus,Quasimodo
D.antonietae,D.arawakana,Quasimodo
D.percnosoma,D.hawaiiensis,Quasimodo
D.phalerata,D.testacea,Quasimodo
Z.inermis,Z.ghesquierei,Quasimodo
D.hamatofila,D.kuntzei,Quasimodo
H.histrioides,D.erecta,Quasimodo
Z.lachaisei,Z.vittiger,Quasimodo
L.clarofinis,D.erecta,Quasimodo
D.melanogaster,D.erecta,Quasimodo
D.anceps,D.arawakana,Quasimodo
D.simulans,D.mauritiana,Quasimodo
D.parabipectinata,D.pseudoananassae,Quasimodo
D.willistoni,D.tropicalis,Quasimodo
S.graminum,D.hamatofila,Quasimodo
D.mettleri,D.mojavensis,Quasimodo
D.neotestacea,D.kuntzei,Quasimodo
Z.vittiger,D.orena,rover
D.repletoides,H.histrioides,rover
D.putrida,D.rufa,rover
Z.kolodkinae,D.vallismaia,rover
D.vallismaia,D.mauritiana,rover
Z.gabonicus,D.pruinosa,rover
D.sechellia,D.vallismaia,rover
D.nasuta,Z.bogoriensis,rover
Z.indianus,S.latifasciaeformis,rover
D.orena,Z.vittiger,rover
D.rufa,D.putrida,rover
D.erecta,D.santomea,rover
Z.tuberculatus,D.melanogaster,rover
D.melanogaster,D.pruinosa,rover
D.mauritiana,D.vallismaia,rover
D.santomea,D.erecta,rover
D.parthenogenetica,D.rellima,Shellder
D.cardini,D.hydei,Shellder
D.rellima,D.histrio,Shellder
D.bunnanda,D.monieri,Shellder
D.tripunctata,D.quinaria,Shellder
D.nebulosa,D.mercatorum,Shellder
D.hydei,D.cardini,Shellder
D.insularis,D.prosaltans,Shellder
D.phalerata,D.histrio,Shellder
D.equinoxialis,D.prosaltans,Shellder
D.sucinea,S.hsui,Shellder
D.willistoni,D.prosaltans,Shellder
D.quinaria,D.tripunctata,Shellder
D.birchii,D.triauraria,Shellder
D.hamatofila,D.birchii,Shellder
D.funebris,D.gunungcola,Souslik
D.rufa,D.kikkawai,Souslik
D.nebulosa,D.sucinea,Souslik
D.melanogaster,Z.tsacasi,Souslik
D.willistoni,D.tropicalis,Souslik
D.equinoxialis,D.sturtevanti,Souslik
D.falleni,D.oshimai,Souslik
Z.davidi,S.latifasciaeformis,Souslik
D.pseudoananassae,D.suzukii,Souslik
D.parthenogenetica,D.repleta,Souslik
D.pseudotakahashii,D.falleni,Souslik
D.nasuta,D.formosana,Souslik
D.tripunctata,D.nebulosa,Souslik
D.suzukii,D.pseudoananassae,Souslik
C.caudatula,D.funebris,Souslik
C.costata,D.siamana,Souslik
D.oshimai,D.falleni,Souslik
D.formosana,D.nasuta,Souslik
D.varians,D.triauraria,Souslik
D.bipectinata,D.formosana,Souslik
D.paulistorum,D.tropicalis,Souslik
D.orena,D.simulans,Souslik
D.quinaria,L.clarofinis,Souslik
D.bunnanda,D.siamana,Souslik
D.kikkawai,D.rufa,Souslik
Z.gabonicus,Z.indianus,Souslik
D.triauraria,D.varians,Souslik
D.kohkoa,D.jambulina,Souslik
S.hsui,Z.vittiger,Souslik
D.ustulata,D.falleni,Souslik
D.jambulina,D.kohkoa,Souslik
D.bocqueti,D.suzukii,Souslik
D.gunungcola,D.funebris,Souslik
D.elegans,Z.vittiger,Souslik
S.pallida,D.eugracilis,Souslik
Z.africanus,Z.vittiger,Souslik
D.parabipectinata,D.malerkotliana,Souslik
L.clarofinis,D.quinaria,Souslik
D.simulans,D.mauritiana,Souslik
D.quadrilineata,S.pallida,Souslik
D.sturtevanti,D.equinoxialis,Souslik
Z.tsacasi,D.melanogaster,Souslik
D.varians,D.quadrilineata,Spoink
D.monieri,D.bipectinata,Spoink
S.pallida,D.tripunctata,Spoink
D.sturtevanti,D.sucinea,Spoink
D.sechellia,D.tropicalis,Spoink
D.vallismaia,D.arawakana,Spoink
Z.camerounensis,Z.gabonicus,Spoink
D.albomicans,D.kepulauana,Spoink
D.mauritiana,D.melanogaster,Spoink
D.borealis,D.ezoana,Spoink
D.yakuba,D.teissieri,Spoink
D.testacea,D.nigrodunni,Spoink
D.lacicola,D.novamexicana,Spoink
H.duncani,S.pallida,Spoink
D.kohkoa,D.pallidifrons,Spoink
D.erecta,Z.ornatus,Spoink
D.ananassae,D.ficusphila,Spoink
D.paulistorum,D.sechellia,Spoink
Z.lachaisei,Z.capensis,Spoink
Z.davidi,Z.ornatus,Spoink
D.suzukii,D.takahashii,Spoink
D.quadrilineata,D.varians,Spoink
D.simulans,D.mauritiana,Spoink
D.siamana,D.pallidifrons,Spoink
D.serrata,D.albomicans,Spoink
D.tripunctata,S.pallida,Spoink
D.phalerata,D.histrio,Spoink
D.tropicalis,D.sechellia,Spoink
D.macrospina,D.falleni,Spoink
D.biarmipes,D.bipectinata,Spoink
D.jambulina,D.kikkawai,Spoink
D.falleni,D.macrospina,Spoink
D.rhopaloa,D.sordidula,Spoink
D.sucinea,D.sturtevanti,Spoink
Z.inermis,Z.ornatus,Spoink
D.rubida,D.rhopaloa,Spoink
D.innubila,D.testacea,Spoink
D.bocqueti,Z.capensis,Spoink
D.gaucha,D.paulistorum,Spoink
L.clarofinis,S.polygonia,springer
S.polygonia,L.clarofinis,springer
D.birchii,D.bifasciata,springer
D.biarmipes,D.malerkotliana,springer
D.tropicalis,D.lacicola,springer
D.maculinotata,D.subobscura,springer
S.pallida,D.tripunctata,springer
D.tripunctata,S.pallida,springer
D.bunnanda,D.ananassae,springer
D.bipectinata,D.malerkotliana,springer
D.lacicola,D.tropicalis,springer
D.malerkotliana,D.biarmipes,springer
D.americana,D.tropicalis,springer
D.rhopaloa,D.gunungcola,springer
D.takahashii,D.eugracilis,springer
D.fuyamai,D.eugracilis,springer
D.kanekoi,D.rufa,springer
D.funebris,Z.vittiger,Stalker4
D.tropicalis,D.peninsularis,Stalker4
D.willistoni,D.insularis,Stalker4
D.simulans,D.melanogaster,Stalker4
D.teissieri,D.erecta,Stalker4
D.phalerata,D.neotestacea,Stalker4
D.macrospina,H.duncani,Stalker4
D.oshimai,D.borborema,Stalker4
D.erecta,D.teissieri,Stalker4
D.sturtevanti,D.rellima,Stalker4
D.kanekoi,D.affinis,Stalker4
H.duncani,D.macrospina,Stalker4
D.neotestacea,D.phalerata,Stalker4
D.jambulina,D.histrio,Stalker4
Z.gabonicus,Z.indianus,Stalker4
D.emarginata,D.paulistorum,Stalker4
Z.capensis,Z.tsacasi,Stalker4
Z.davidi,Z.ghesquierei,Stalker4
D.rellima,D.sturtevanti,Stalker4
D.quinaria,D.neotestacea,Stalker4
D.miranda,D.lowei,Stalker4
D.paulistorum,D.insularis,Stalker4
D.lacicola,D.americana,Stalker4
D.vallismaia,D.melanogaster,Stalker4
D.bocqueti,D.teissieri,Stalker4
Z.vittiger,Z.camerounensis,Stalker4
D.mauritiana,D.melanogaster,Stalker4
D.orena,D.melanogaster,Stalker4
D.mauritiana,D.melanogaster,Stalker
D.lacicola,D.littoralis,Stalker
D.quinaria,D.phalerata,Stalker
Z.capensis,Z.tsacasi,Stalker
D.orena,D.mauritiana,Stalker
Z.gabonicus,Z.indianus,Stalker
Z.vittiger,Z.camerounensis,Stalker
D.jambulina,D.histrio,Stalker
L.clarofinis,S.polygonia,Stalker
D.hydei,D.sturtevanti,Stalker
D.miranda,D.lowei,Stalker
D.prosaltans,D.tropicalis,Stalker
D.phalerata,D.neotestacea,Stalker
D.willistoni,D.insularis,Stalker
D.erecta,D.teissieri,Stalker
D.teissieri,D.erecta,Stalker
D.stalkeri,D.arawakana,Stalker
D.bocqueti,D.teissieri,Stalker
D.paulistorum,D.insularis,Stalker
D.emarginata,D.sucinea,Stalker
D.anceps,S.polygonia,Stalker
D.simulans,D.mauritiana,Stalker
D.macrospina,H.duncani,Stalker
D.oshimai,D.rufa,Stalker
D.pruinosa,D.mimetica,Stalker
D.arawakana,D.stalkeri,Stalker
D.funebris,Z.camerounensis,Stalker
D.vallismaia,D.mauritiana,Stalker
Z.davidi,Z.ghesquierei,Stalker
D.sturtevanti,D.hydei,Stalker
D.tropicalis,D.prosaltans,Stalker
H.duncani,D.macrospina,Stalker
D.neotestacea,D.phalerata,Stalker
D.kanekoi,D.azteca,Stalker
D.mimetica,Z.taronus,Stalker
D.yakuba,L.clarofinis,Tabor
D.santomea,D.teissieri,Tabor
D.sechellia,S.polygonia,Tabor
D.melanogaster,S.polygonia,Tabor
L.clarofinis,S.polygonia,Tabor
D.repletoides,D.eugracilis,Tirant
D.mojavensis,D.macrospina,Tirant
D.ercepeae,Z.ghesquierei,Tirant
D.macrospina,D.mojavensis,Tirant
D.eugracilis,D.malerkotliana,Tirant
Z.kolodkinae,Z.vittiger,Tirant
D.kohkoa,C.fuscimana,Tirant
D.orena,Z.camerounensis,Tirant
D.malerkotliana,D.eugracilis,Tirant
D.vallismaia,D.mauritiana,Tirant
D.mauritiana,D.melanogaster,Tirant
D.merina,D.sechellia,Transpac
D.funebris,S.polygonia,Transpac
D.serrata,D.ficusphila,Transpac
D.pseudotakahashii,C.caudatula,Transpac
D.pallidifrons,D.atripex,Transpac
D.kohkoa,D.ananassae,Transpac
D.atripex,D.pallidifrons,Transpac
D.ananassae,D.kohkoa,Transpac
D.mimetica,D.rhopaloa,Transpac
D.nasuta,D.kepulauana,Transpac
Z.davidi,Z.tuberculatus,Transpac
Z.taronus,Z.tuberculatus,Transpac
D.kikkawai,D.merina,Transpac
D.varians,D.subpulchrella,Transpac
D.bunnanda,Z.camerounensis,Transpac
D.bipectinata,D.pseudoananassae,Transpac
D.subpulchrella,D.varians,Transpac
D.jambulina,D.varians,Transpac
D.sechellia,D.merina,Transpac
D.birchii,D.merina,Transpac
D.bocqueti,Z.camerounensis,Transpac
Z.gabonicus,D.sechellia,ZAM
Z.africanus,D.kuntzei,ZAM
Z.indianus,Z.ornatus,ZAM
Z.capensis,Z.ornatus,ZAM
D.sechellia,D.vallismaia,ZAM
Z.tsacasi,Z.davidi,ZAM
Z.davidi,Z.tsacasi,ZAM
D.jambulina,D.americana,ZAM
D.teissieri,D.erecta,ZAM
D.melanogaster,Z.taronus,ZAM
D.macrospina,D.mojavensis,ZAM
D.erecta,D.teissieri,ZAM
D.leonis,D.hamatofila,ZAM
D.sordidula,D.sechellia,ZAM
Z.tuberculatus,Z.tsacasi,ZAM
D.orena,S.latifasciaeformis,ZAM
D.hamatofila,D.leonis,ZAM
Z.kolodkinae,D.mauritiana,ZAM
D.vallismaia,D.sechellia,ZAM
D.yakuba,D.sechellia,ZAM
Z.vittiger,D.sechellia,ZAM
